<?xml version="1.0" encoding="UTF-8"?>
<project-private xmlns="http://www.netbeans.org/ns/project-private/1">
    <editor-bookmarks xmlns="http://www.netbeans.org/ns/editor-bookmarks/2" lastBookmarkId="0"/>
    <open-files xmlns="http://www.netbeans.org/ns/projectui-open-files/2">
        <group>
            <file>file:/E:/New%20folder/public_html/js/script.js</file>
            <file>file:/E:/New%20folder/public_html/index.html</file>
            <file>file:/E:/New%20folder/public_html/js/receipt.js</file>
            <file>file:/E:/New%20folder/public_html/checkout.html</file>
            <file>file:/E:/New%20folder/public_html/css/style.css</file>
            <file>file:/E:/New%20folder/public_html/css/form.css</file>
        </group>
    </open-files>
</project-private>
